{
  "type": "snapshot_request",
  "payload": {
    "config": {
      "classes": [
        {
          "name": "NSObject",
          "superclass": null,
          "properties": [
          ]
        },
        {
          "name": "UIScreen",
          "superclass": "NSObject",
          "properties": [
            {
              "name": "bounds",
              "type": "CGRect",
              "readonly": true
            },
            {
              "name": "applicationFrame",
              "type": "CGRect",
              "readonly": true
            }
          ]
        },
        {
          "name": "UIView",
          "superclass": "UIResponder",
          "properties": [
            {
              "name": "sensorsdata_enableAppClick",
              "key": "enableAppClick",
              "type": "BOOL",
              "use_kvc": false
            },
            {
              "name": "sensorsdata_subElements",
              "key": "subelements",
              "type": "NSArray",
              "use_kvc": false
            },
            {
              "name": "sensorsdata_elementValidContent",
              "key": "element_content",
              "type": "NSString",
              "use_kvc": false
            },
            {
                "name": "sensorsdata_elementPath",
                "key": "element_path",
                "type": "NSString",
                "use_kvc": false
            },
            {
                "name": "sensorsdata_elementSelector",
                "key": "element_selector",
                "type": "NSString",
                "use_kvc": false
            },
            {
              "name": "sensorsdata_elementPosition",
              "key": "element_position",
              "type": "NSString",
              "use_kvc": false
            },
            {
              "name": "sensorsdata_frame",
              "key": "frame",
              "type": "CGRect",
              "use_kvc": false
            },
            {
              "name": "jjf_fingerprintVersion",
              "type": "NSString",
              "use_kvc": false
            },
            {
              "name": "sensorsAnalyticsViewID",
              "type": "NSString",
              "use_kvc": false
            },
            {
              "name": "restorationIdentifier",
              "type": "NSString"
            },
            {
              "name": "sensorsdata_screenName",
              "key": "screen_name",
              "type": "NSString",
              "use_kvc": false
            },
            {
              "name": "sensorsdata_title",
              "key": "title",
              "type": "NSString",
              "use_kvc": false
            },
            {
              "name": "sensorsdata_isFromWeb",
              "key": "is_h5",
              "type": "BOOL",
              "use_kvc": false
            },
            {
              "name": "sensorsdata_isListView",
              "key": "is_list_view",
              "type": "BOOL",
              "use_kvc": false
            }
          ]
        },
        {
          "name": "SAWebElementView",
          "superclass": "UIView",
          "properties": [
              {
                "name": "url",
                "type": "NSString"
              },
              {
                "name": "title",
                "key": "h5_title",
                "type": "NSString"
              },
              {
                  "name": "tagName",
                  "key": "tag_name",
                  "type": "NSString"
              },
              {
                  "name": "listSelector",
                  "key": "list_selector",
                  "type": "NSString"
              }
          ]
        },
        {
          "name": "UIScrollView",
          "superclass": "UIView",
          "properties": [
            {
              "name": "contentOffset",
              "type": "CGPoint"
            },
            {
              "name": "contentSize",
              "type": "CGSize"
            }
          ]
        },
        {
          "name": "UIViewController",
          "superclass": "UIResponder",
          "properties": [
            {
              "name": "sensorsdata_subElements",
              "key": "subelements",
              "type": "NSArray",
              "use_kvc": false
            },
            {
              "name": "restorationIdentifier",
              "type": "NSString"
            }
          ]
        }
      ]
    }
  }
}
